3,i,2021-06-19
4,e,2021-06-19
2,m,2021-06-19
8,e,2021-06-23
2,i,2021-06-23
1,i,2021-06-23
2,i,2021-06-23
4,i,2021-06-23
4,h,2021-06-23
5,i,2021-06-23
2,i,2021-06-24
1,i,2021-06-24
2,m,2021-06-24
1,m,2021-06-24
4,e,2021-06-24
6,e,2021-06-24
10,e,2021-06-24
18,e,2021-07-12
15,e,2021-07-13
25,e,2021-07-29
2,e,2021-07-30
1,e,2021-07-30
2,e,2021-07-30
3,i,2021-07-30
1,h,2021-07-30
3,h,2021-07-30
2,i,2021-07-30
1,i,2021-07-30
2,i,2021-07-30
5,i,2021-07-30
2,i,2021-08-02
1,i,2021-08-02
1,i,2021-08-02
2,i,2021-08-02
5,h,2021-08-02
1,h,2021-08-02
4,i,2021-09-17
10,m,2021-09-19
12,e,2021-09-19
